,Kurtosis,Independent N Components
0,1.8711622190225317,2
1,1.5010078244344662,3
2,1.4975662407069132,4
3,1.445446766456973,5
4,1.3636402147107674,6
5,1.4335018490416083,7
